P. Name,P. Zone Class,P. Mass Class,P. Composition Class,P. Atmosphere Class,P. Density (EU),P. Gravity (EU),P. Esc Vel (EU),P. SFlux Min (EU),P. SFlux Mean (EU),P. SFlux Max (EU),P. Teq Max (K),P. Mag,P. Appar Size (deg),P. Eccentricity,P. Mean Distance (AU),P. Omega (deg),S. Mass (SU),S. Teff (K),S. [Fe/H],S. Age (Gyrs),S. Appar Mag,S. Distance (pc),S. RA (hrs),S. DEC (deg),S. Mag from Planet,S. Size from Planet (deg),S. No. Planets,S. No. Planets HZ,S. Hab Zone Max (AU),P. HZD,P. HZC,P. HZA,P. HZI,P. SPH,P. ESI,S. HabCat,P. Habitable,P. Hab Moon,P. Confirmed,P. Habitable Class
GJ 163 c,Warm,Superterran,rocky-iron,metals-rich,1.19,2.17,1.99,0.5515569,0.6630019,0.804139,241.3,-18.05,3.48,0.09,0.12,235.4,0.4,3840.0,-0.06027140851661208,3.0,11.8,15.0,4.1544,-53.3736,-26.3,0.9881,3,1,0.212,-0.34,-0.14,0.81,0.53,0.08,0.73,0,1,0,1,psychroplanet
GJ 667 C e,Warm,Terran,rocky-iron,metals-rich,0.99,1.39,1.39,0.290249,0.3020295,0.3144201,190.8,-16.59,2.65,0.02,0.21,28.6,0.33,3350.0,-0.55,2.0,10.2,6.8,17.3158,-34.9897,-25.4,0.8714,6,3,0.251,0.51,-0.16,0.23,0.63,0.0,0.6,0,1,0,0,psychroplanet
GJ 667 C f,Warm,Terran,rocky-iron,metals-rich,0.99,1.39,1.39,0.5306531,0.5632069000000001,0.5983137,224.1,-17.28,2.65,0.03,0.16,103.0,0.33,3350.0,-0.55,2.0,10.2,6.8,17.3158,-34.9897,-26.1,1.19,6,3,0.251,-0.22,-0.16,0.08,0.78,0.0,0.77,0,1,0,0,psychroplanet
GJ 682 c,Warm,Superterran,rocky-iron,hydrogen-rich,1.24,2.37,2.13,0.3020603,0.3673006,0.45118450000000004,208.8,-17.51,3.64,0.1,0.18,320.9,0.27,3028.0,-0.06027140851661208,4.184758828596038,13.4,5.08,17.6177,-43.6808,-25.6,1.1831,2,1,0.232,0.23,-0.14,1.19,0.45,0.0,0.59,0,1,0,0,psychroplanet
GJ 3293 d,Warm,Superterran,rocky-iron,metals-rich,1.2,2.22,2.03,0.44768679999999994,0.5656049,0.7251003,235.1,-17.91,3.52,0.12,0.19,322.0,0.42,3466.0,0.02,4.184758828596038,12.0,17.9,4.4767,-25.1692,-26.1,1.1179,4,2,0.309,-0.21,-0.14,0.91,0.52,0.0,0.7,0,1,0,1,psychroplanet
HD 40307 g,Warm,Superterran,rocky-iron,metals-rich,1.18,2.15,1.98,0.3895282,0.6771687,1.285592,271.3,-18.1,3.45,0.29,0.57,91.2,0.77,4977.0,-0.31,1.2,7.2,12.8,5.9011,-60.0233,-26.4,0.6042,6,1,0.917,-0.15,-0.14,0.77,0.56,0.04,0.74,1,1,0,0,psychroplanet
Kapteyn b,Warm,Terran,rocky-iron,metals-rich,1.09,1.79,1.71,0.2900587,0.4342851,0.6803408000000001,231.4,-17.37,3.11,0.21,0.16,80.4,0.28,3550.0,-0.86,8.0,8.8,3.91,5.1947,-45.0183,-25.8,0.9409,2,1,0.232,0.12,-0.15,0.57,0.63,0.0,0.67,0,1,0,0,psychroplanet
Kepler-62 f,Warm,Terran,rocky-iron,metals-rich,1.0,1.41,1.41,0.388223,0.388223,0.388223,201.1,-16.89,2.68,0.0,0.72,0.0,0.69,4869.0,-0.21,7.0,14.0,368.0,18.8808,45.3499,-25.7,0.4676,5,2,0.857,0.45,-0.16,0.19,0.66,0.0,0.67,0,1,0,1,psychroplanet
Kepler-150 f,Warm,Superterran,gas,metals-rich,0.19,0.68,1.57,0.4927213,0.4927213,0.4927214,213.4,-19.22,6.92,0.0,1.24,0.0,0.63,5560.0,-0.136,4.184758828596038,13.4,973.0,19.2156,40.5209,-26.0,0.404,5,1,1.569,0.28,2.88,0.35,0.26,0.0,0.53,0,0,0,1,psychroplanet
Kepler-174 d,Warm,Superterran,rocky-iron,hydrogen-rich,1.42,3.1,2.6,0.42675159999999995,0.42675159999999995,0.42675169999999996,205.9,-17.95,4.15,0.0,0.68,0.0,0.68,4880.0,-0.556,4.184758828596038,13.4,360.0,19.1626,43.8321,-25.8,0.488,3,1,0.846,0.32,-0.13,1.77,0.36,0.0,0.61,0,1,0,1,psychroplanet
Kepler-296 f,Warm,Superterran,rocky-iron,metals-rich,1.15,2.01,1.87,0.2687829,0.3395788,0.4353369000000001,206.9,-17.22,3.33,0.12,0.28,0.0,0.45,3572.0,-0.12,4.2,10.1,226.0,19.1027,49.4373,-25.6,0.8155,5,2,0.34700000000000003,0.4,-0.14,0.86,0.51,0.0,0.6,0,1,0,1,psychroplanet
Kepler-442 b,Warm,Terran,rocky-iron,metals-rich,0.97,1.3,1.32,0.6466799,0.6999820999999999,0.7589214,237.8,-17.42,2.55,0.04,0.41,0.0,0.61,4402.0,-0.37,2.9,7.7,342.0,19.0244,39.2801,-26.3,0.7685,1,1,0.6809999999999999,-0.34,-0.16,-0.06,0.73,0.04,0.84,0,1,0,1,psychroplanet
Kepler-1229 b,Warm,Terran,rocky-iron,metals-rich,0.99,1.39,1.4,0.4901548,0.4901549,0.4901549,213.2,-17.13,2.66,0.0,0.31,0.0,0.54,3784.0,-0.06027140851661208,3.72,15.5,236.0,19.8324,46.9967,-26.0,0.8699,1,1,0.456,-0.03,-0.16,0.12,0.83,0.0,0.73,0,1,0,1,psychroplanet
Kepler-1652 b,Warm,Terran,rocky-iron,metals-rich,0.9,1.01,1.06,0.6504719,0.650472,0.6504722,228.8,-16.95,2.13,0.0,0.16,0.0,0.36,3482.0,-0.1,4.184758828596038,13.4,252.0,19.6244,49.9151,-26.3,1.1835,1,1,0.27,-0.35,-0.17,-0.37,0.65,0.0,0.85,0,1,0,1,psychroplanet
LHS 1140 b,Warm,Terran,rocky-iron,hydrogen-rich,2.26,3.23,2.15,0.23418049999999999,0.4071072,0.7728854000000001,238.9,-17.03,2.72,0.29,0.08,0.0,0.15,3131.0,-0.24,5.0,14.2,12.47,0.7497,-15.2714,-25.8,1.1837,1,1,0.118,0.18,-0.82,1.17,0.41,0.0,0.68,0,1,0,1,psychroplanet
Proxima Cen b,Warm,Terran,rocky-iron,metals-rich,0.9,1.01,1.07,0.6562118,0.6562118,0.6562119000000001,229.3,-16.96,2.13,0.0,0.05,0.0,0.12,3050.0,-0.06027140851661208,4.184758828596038,11.1,1.29,14.4953,-62.6794,-26.3,1.5493,1,1,0.086,-0.39,-0.17,-0.37,0.64,0.0,0.85,0,1,0,1,psychroplanet
TRAPPIST-1 e,Warm,Terran,rocky-iron,metals-rich,0.82,0.76,0.83,0.6544079,0.654408,0.6544082,229.1,-16.52,1.74,0.0,0.03,0.0,0.08,2550.0,0.04,0.5,18.8,12.1,23.1081,-5.0414,-26.3,2.2135,7,4,0.051,-0.42,-0.15,-0.67,0.56,0.0,0.85,0,1,0,1,psychroplanet
TRAPPIST-1 f,Warm,Terran,rocky-water,metals-rich,0.59,0.61,0.8,0.3772893,0.3772893,0.3772893,199.7,-16.2,1.98,0.0,0.04,0.0,0.08,2550.0,0.04,0.5,18.8,12.1,23.1081,-5.0414,-25.7,1.6807,7,4,0.051,0.14,0.27,-0.64,0.59,0.0,0.68,0,1,0,1,psychroplanet
GJ 832 c,Warm,Superterran,rocky-iron,metals-rich,1.12,1.89,1.79,0.9315085999999999,0.9886534,1.0502799999999999,257.9,-18.31,3.21,0.03,0.16,80.0,0.45,3472.0,-0.31,4.184758828596038,8.7,4.94,21.5594,-49.0089,-26.7,1.4679,2,1,0.342,-0.71,-0.15,0.44,0.54,0.98,0.81,1,1,0,1,mesoplanet
Kepler-296 e,Warm,Terran,rocky-iron,metals-rich,1.03,1.52,1.5,1.005184,1.2222879999999998,1.501434,282.0,-18.25,2.81,0.1,0.15,0.0,0.45,3572.0,-0.12,4.2,10.1,226.0,19.1027,49.4373,-27.0,1.5455,5,2,0.34700000000000003,-0.86,-0.16,0.04,0.53,0.75,0.85,0,1,0,1,mesoplanet
Kepler-1544 b,Warm,Superterran,rocky-iron,metals-rich,1.16,2.07,1.92,0.9021728000000001,0.9021728999999999,0.902173,248.3,-18.32,3.38,0.0,0.56,0.0,0.81,4886.0,-0.06027140851661208,2.34,14.1,349.0,19.819000000000006,49.2125,-26.6,0.7079,1,1,1.012,-0.53,-0.14,0.63,0.55,0.85,0.8,0,1,0,1,mesoplanet
GJ 422 b,Warm,Superterran,rocky-iron,hydrogen-rich,1.28,2.53,2.24,0.6164305999999999,0.6804333,0.7529996999999999,237.3,-18.25,3.76,0.05,0.12,246.4,0.35,3323.0,-0.06027140851661208,4.184758828596038,11.5,12.67,11.2667,-56.4523,-26.3,1.3345,1,1,0.21,-0.41,-0.13,1.11,0.46,0.17,0.71,0,1,0,0,mesoplanet
Kepler-443 b,Warm,Superterran,rocky-iron,hydrogen-rich,1.54,3.6,2.9,0.7188641,0.8910313,1.1180709999999998,262.0,-18.9,4.43,0.11,0.49,0.0,0.74,4723.0,-0.01,3.2,6.8,779.0,19.2407,49.9686,-26.6,0.7552,1,1,0.903,-0.53,-0.12,1.83,0.34,0.98,0.71,0,1,0,1,mesoplanet
Kepler-283 c,Warm,Superterran,rocky-iron,metals-rich,1.18,2.14,1.97,0.898436,0.8984360999999998,0.8984360999999998,248.0,-18.36,3.45,0.0,0.34,0.0,0.62,4351.0,-0.26,4.184758828596038,13.4,534.0,19.5742,47.839,-26.6,0.8908,2,1,0.6459999999999999,-0.58,-0.14,0.69,0.52,0.85,0.79,0,1,0,1,mesoplanet
Kepler-1552 b,Warm,Superterran,rocky-iron,hydrogen-rich,1.68,4.14,3.2,1.105641,1.105641,1.105641,261.2,-19.25,4.68,0.0,0.6,0.0,0.85,5202.0,-0.06027140851661208,3.31,14.8,618.0,19.4451,38.8749,-26.8,0.6913,1,1,1.176,-0.68,-0.11,2.09,0.31,0.45,0.7,0,1,0,1,mesoplanet
GJ 667 C c,Warm,Terran,rocky-iron,metals-rich,1.05,1.61,1.57,0.8427715,0.8769776,0.9129552,249.0,-17.97,2.92,0.02,0.12,292.0,0.33,3350.0,-0.55,2.0,10.2,6.8,17.3158,-34.9897,-26.6,1.4848,6,3,0.251,-0.62,-0.15,0.21,0.6,0.64,0.84,0,1,0,1,mesoplanet
GJ 180 b,Warm,Superterran,rocky-iron,metals-rich,1.22,2.32,2.09,0.9960187,1.234564,1.549138,284.2,-18.8,3.6,0.11,0.1,11.5,0.43,3371.0,-0.06027140851661208,4.184758828596038,10.9,11.69,4.8972,-17.7734,-27.0,1.745,2,2,0.244,-0.87,-0.14,0.74,0.46,0.41,0.75,0,1,0,0,mesoplanet
Kepler-1638 b,Warm,Superterran,rocky-iron,metals-rich,1.21,2.26,2.06,1.3873799999999998,1.3873799999999998,1.387381,276.5,-18.9,3.56,0.0,0.79,0.0,0.97,5710.0,-0.06027140851661208,4.37,14.8,879.0,19.6988,48.5244,-27.1,0.6427,1,1,1.65,-0.81,-0.14,0.66,0.49,0.02,0.76,0,1,0,1,mesoplanet
HD 283869 b,Warm,Superterran,rocky-iron,metals-rich,1.26,2.47,2.2,1.146929,1.146929,1.146929,263.7,-18.79,3.72,0.0,0.4,0.0,0.74,4655.0,0.15,4.184758828596038,13.4,47.51,4.795,26.15,-26.9,0.8793,1,1,0.836,-0.76,-0.14,0.89,0.46,0.65,0.77,0,1,0,0,mesoplanet
GJ 273 b,Warm,Terran,rocky-iron,metals-rich,1.0,1.43,1.43,1.003524,1.220269,1.4989540000000001,281.9,-18.17,2.7,0.1,0.09,0.0,0.29,3382.0,0.09,4.184758828596038,9.9,3.8,7.4568,5.2258,-27.0,1.7227,2,1,0.215,-0.86,-0.16,-0.05,0.53,0.79,0.86,0,1,0,1,mesoplanet
Kepler-298 d,Warm,Superterran,rocky-iron,hydrogen-rich,1.72,4.3,3.28,1.289531,1.289531,1.289532,271.5,-19.45,4.75,0.0,0.3,0.0,0.65,4465.0,-0.121,4.184758828596038,13.4,474.0,18.8693,48.8254,-27.0,1.0134,3,1,0.6859999999999999,-0.86,-0.11,2.11,0.3,0.0,0.68,0,1,0,1,mesoplanet
Ross 128 b,Warm,Terran,rocky-iron,metals-rich,0.91,1.05,1.1,1.176261,1.474785,1.874486,298.1,-17.92,2.19,0.12,0.05,0.0,0.17,3192.0,-0.02,5.0,11.2,3.38,11.7957,0.8046,-27.2,2.1279,1,1,0.13,-0.99,-0.17,-0.46,0.48,0.21,0.86,0,1,0,1,mesoplanet
tau Cet e,Warm,Terran,rocky-iron,metals-rich,1.07,1.7,1.64,1.369828,1.512054,1.673311,289.8,-18.64,3.02,0.05,0.55,313.5,0.78,5344.0,-0.55,5.8,3.5,3.65,1.7344,-15.9375,-27.2,0.7665,7,1,1.246,-0.92,-0.15,0.16,0.51,0.0,0.78,0,1,0,0,mesoplanet
Kepler-62 e,Warm,Superterran,rocky-iron,metals-rich,1.08,1.74,1.68,1.097676,1.097676,1.097677,260.8,-18.32,3.07,0.0,0.43,0.0,0.69,4869.0,-0.21,7.0,14.0,368.0,18.8808,45.3499,-26.8,0.7863,5,2,0.857,-0.7,-0.15,0.28,0.56,0.96,0.83,0,1,0,1,mesoplanet
TRAPPIST-1 d,Warm,Subterran,rocky-iron,metals-rich,0.9,0.69,0.73,1.129725,1.129725,1.129725,262.7,-16.74,1.47,0.0,0.02,0.0,0.08,2550.0,0.04,0.5,18.8,12.1,23.1081,-5.0414,-26.9,2.9085,7,4,0.051,-0.84,-0.29,-0.86,0.45,0.9,0.9,0,1,0,1,mesoplanet
Kepler-440 b,Warm,Superterran,rocky-iron,metals-rich,1.2,2.24,2.04,0.7514458,1.43441,3.096766,338.0,-18.99,3.54,0.34,0.23,0.0,0.57,4134.0,-0.3,1.3,8.3,261.0,19.0233,41.4522,-27.2,1.2857,1,1,0.5710000000000001,-0.89,-0.14,0.62,0.48,0.16,0.75,0,1,0,1,mesoplanet
Kepler-109 b,Hot,Terran,gas,no-atmosphere,0.1,0.24,0.75,285.1175,426.887,668.7512,1295.6,-25.66,4.44,0.21,0.07,0.0,1.07,5952.0,-0.08,6.35,12.4,464.73,19.3595,40.2849,-33.4,10.5087,2,0,2.475,-2.39,3.47,-1.31,0.18,0.0,0.24,0,0,0,1,non-habitable
CoRoT-30 b,Hot,Jovian,gas,hydrogen-rich,0.61,6.92,8.89,106.5673,108.0663,109.5926,824.3,-27.6,21.84,0.01,0.08,178.1,0.98,5660.0,0.02,3.0,15.7,960.0,18.5067,6.8358,-31.8,5.7758,1,0,1.56,-2.28,7.85,4.27,0.1,0.0,0.09,0,0,0,1,non-habitable
Kepler-1607 b,Hot,Terran,rocky-iron,no-atmosphere,0.85,0.78,0.85,134.8889,134.8889,134.889,868.2,-22.34,1.75,0.0,0.12,0.0,1.14,6116.0,-0.06027140851661208,3.16,13.9,735.0,19.7373,42.6561,-32.1,5.5263,1,0,2.329,-2.32,-0.18,-1.18,0.28,0.0,0.3,0,0,0,1,non-habitable
Kepler-90 b,Hot,Terran,rocky-iron,metals-rich,0.96,1.26,1.29,291.7477,291.7478,291.7479,1052.9,-23.96,2.49,0.0,0.07,0.0,1.13,5930.0,-0.17,4.184758828596038,14.0,424.0,18.9622,49.3052,-32.9,8.6501,8,1,2.206,-2.37,-0.16,-0.96,0.28,0.0,0.29,0,0,0,1,non-habitable
Kepler-350 d,Hot,Neptunian,rocky-water,metals-rich,0.7,1.95,2.33,78.18585,78.18587,78.18588,757.6,-24.18,5.32,0.0,0.17,0.0,1.03,6215.0,-0.308,4.184758828596038,13.8,424.0,19.0281,39.7061,-31.5,4.0737,3,0,2.623,-2.27,0.81,-0.09,0.29,0.0,0.23,0,0,0,1,non-habitable
HD 206893 b,Cold,Jovian,gas,hydrogen-rich,5.72,61.63,25.77,0.0253107,0.0253107,0.02531071,101.6,-18.35,20.58,0.0,10.0,0.0,1.24,6486.0,-0.06027140851661208,1.1,6.7,38.34,21.7561,-12.7833,-22.7,0.0675,1,0,2.656,10.71,16.24,47.69,0.02,0.0,0.07,0,0,0,1,non-habitable
HD 117618 b,Hot,Jovian,gas,metals-rich,0.2,1.32,2.94,24.01032,53.33211,143.8763,882.4,-25.72,12.48,0.42,0.16,245.0,1.05,5861.0,0.04,3.88,7.2,38.0,13.5403,-47.2711,-31.2,3.9712,2,1,2.149,-2.19,4.23,0.41,0.17,0.0,0.2,1,0,0,1,non-habitable
Kepler-267 b,Hot,Superterran,rocky-iron,metals-rich,1.28,2.53,2.24,67.55927,67.55928,67.5593,730.4,-23.26,3.77,0.0,0.04,0.0,0.56,4258.0,0.028,4.184758828596038,13.4,424.0,19.9887,47.1575,-31.3,8.0724,3,0,0.612,-2.13,-0.13,-0.13,0.32,0.0,0.28,0,0,0,1,non-habitable
Kepler-213 b,Hot,Superterran,rocky-iron,metals-rich,1.09,1.76,1.69,1049.367,1049.367,1049.367,1450.0,-25.82,3.09,0.0,0.04,0.0,0.94,5696.0,-0.051,4.184758828596038,13.4,424.0,19.3883,44.6472,-34.3,17.8358,2,0,2.077,-2.41,-0.15,-0.87,0.28,0.0,0.27,0,0,0,1,non-habitable
WASP-69 b,Hot,Jovian,gas,metals-rich,0.05,0.59,2.64,143.1399,143.1399,143.1399,881.2,-27.98,22.64,0.0,0.05,0.0,0.83,4715.0,0.14400000000000002,2.0,9.9,50.0,21.0017,-5.0945,-32.1,9.586,1,0,1.051,-2.24,9.61,-0.01,0.09,0.0,0.08,0,0,0,1,non-habitable
HD 214823 b,Cold,Jovian,gas,hydrogen-rich,4.59,50.5,23.56,0.164525,0.2217161,0.3060867,189.5,-20.77,21.01,0.15,3.14,0.0,1.22,6215.0,0.17,2.7,8.1,424.0,22.6722,31.7876,-25.1,0.2189,1,0,2.537,1.9,15.0,32.67,0.03,0.0,0.22,0,0,0,1,non-habitable
Kepler-9 c,Hot,Neptunian,gas,metals-rich,0.03,0.27,1.7,19.44267,22.24406,25.57035,572.9,-25.73,20.43,0.07,0.23,169.3,1.0,5722.0,0.17,3.0,13.9,424.0,19.0383,38.4008,-30.1,2.5661,3,0,1.917,-2.06,10.65,-0.33,0.08,0.0,0.13,0,0,0,1,non-habitable
Kepler-1488 b,Hot,Superterran,rocky-iron,metals-rich,1.2,2.24,2.04,32.84923,32.84923,32.84924,609.9,-22.34,3.53,0.0,0.23,0.0,1.05,5820.0,-0.06027140851661208,6.92,13.1,618.0,19.1098,49.9378,-30.5,3.0108,1,0,2.341,-2.13,-0.14,-0.13,0.32,0.0,0.3,0,0,0,1,non-habitable
WASP-24 b,Hot,Jovian,gas,metals-rich,0.11,1.61,4.84,1206.085,1206.085,1206.086,1501.4,-30.76,27.95,0.0,0.04,0.0,1.13,6075.0,0.07,1.6,11.3,332.5,15.1478,2.3433,-34.5,16.8023,1,0,2.186,-2.44,10.5,0.68,0.08,0.0,0.06,0,0,0,1,non-habitable
HD 106315 c,Hot,Neptunian,gas,metals-rich,0.25,0.98,1.96,55.51609,86.28792,141.6335,878.9,-25.06,7.5,0.23,0.15,106.0,1.07,6290.0,-0.24,4.0,9.0,107.3,12.2314,-0.3936,-31.6,4.2353,2,0,2.37,-2.28,2.59,-0.37,0.22,0.0,0.19,0,0,0,1,non-habitable
HD 113538 b,Cold,Jovian,gas,hydrogen-rich,0.22,1.74,3.76,0.0499989,0.06561679,0.08784549,138.7,-18.78,15.44,0.14,1.23,74.0,0.58,4462.0,-0.24,4.3,9.1,15.8,13.0825,-52.4431,-23.8,0.23,2,0,0.626,4.3,5.09,4.66,0.11,0.0,0.22,0,0,0,1,non-habitable
Kepler-164 d,Hot,Superterran,rocky-iron,metals-rich,1.67,4.09,3.17,40.78246,40.78247,40.78247,643.8,-23.18,4.66,0.0,0.19,0.0,1.11,5888.0,-0.125,4.184758828596038,13.4,424.0,19.1854,47.6299,-30.8,3.2777,3,0,2.092,-2.17,-0.11,0.69,0.3,0.0,0.26,0,0,0,1,non-habitable
Kepler-318 c,Hot,Neptunian,gas,metals-rich,0.2,0.73,1.64,125.6226,125.6226,125.6226,852.9,-25.29,6.99,0.0,0.1,0.0,1.05,5746.0,0.145,4.184758828596038,13.4,424.0,19.8989,46.7936,-32.0,6.0425,2,0,2.087,-2.3,2.8,-0.65,0.21,0.0,0.2,0,0,0,1,non-habitable
